{
    "af": { "name": "Afrikaans" },
    "ak": { "name": "Akan" },
    "sq": { "name": "Albanian" },
    "am": { "name": "Amharic" },
    "ar": { "name": "Arabic" },
    "hy": { "name": "Armenian" },
    "as": { "name": "Assamese" },
    "ay": { "name": "Aymara" },
    "az": { "name": "Azerbaijani" },
    "bm": { "name": "Bambara" },
    "eu": { "name": "Basque" },
    "be": { "name": "Belarusian" },
    "bn": { "name": "Bengali" },
    "bs": { "name": "Bosnian" },
    "bg": { "name": "Bulgarian" },
    "my": { "name": "Burmese" },
    "ca": { "name": "Catalan; Valencian" },
    "ny": { "name": "Chichewa; Chewa; Nyanja" },
    "zh": { "name": "Chinese" },
    "co": { "name": "Corsican" },
    "hr": { "name": "Croatian" },
    "cs": { "name": "Czech" },
    "da": { "name": "Danish" },
    "dv": { "name": "Divehi; Dhivehi; Maldivian;" },
    "nl": { "name": "Dutch" },
    "en": { "name": "English" },
    "eo": { "name": "Esperanto" },
    "et": { "name": "Estonian" },
    "ee": { "name": "Ewe" },
    "fi": { "name": "Finnish" },
    "fr": { "name": "French" },
    "gl": { "name": "Galician" },
    "ka": { "name": "Georgian" },
    "de": { "name": "German" },
    "el": { "name": "Greek, Modern" },
    "gn": { "name": "Guaraní" },
    "gu": { "name": "Gujarati" },
    "ht": { "name": "Haitian; Haitian Creole" },
    "ha": { "name": "Hausa" },
    "he": { "name": "Hebrew (modern)" },
    "hi": { "name": "Hindi" },
    "hu": { "name": "Hungarian" },
    "id": { "name": "Indonesian" },
    "ga": { "name": "Irish" },
    "ig": { "name": "Igbo" },
    "is": { "name": "Icelandic" },
    "it": { "name": "Italian" },
    "ja": { "name": "Japanese" },
    "jv": { "name": "Javanese" },
    "kn": { "name": "Kannada" },
    "kk": { "name": "Kazakh" },
    "km": { "name": "Khmer" },
    "rw": { "name": "Kinyarwanda" },
    "ky": { "name": "Kirghiz, Kyrgyz" },
    "ko": { "name": "Korean" },
    "ku": { "name": "Kurdish" },
    "la": { "name": "Latin" },
    "lb": { "name": "Luxembourgish, Letzeburgesch" },
    "lg": { "name": "Luganda" },
    "ln": { "name": "Lingala" },
    "lo": { "name": "Lao" },
    "lt": { "name": "Lithuanian" },
    "lv": { "name": "Latvian" },
    "mk": { "name": "Macedonian" },
    "mg": { "name": "Malagasy" },
    "ms": { "name": "Malay" },
    "ml": { "name": "Malayalam" },
    "mt": { "name": "Maltese" },
    "mi": { "name": "Māori" },
    "mr": { "name": "Marathi (Marāṭhī)" },
    "mn": { "name": "Mongolian" },
    "ne": { "name": "Nepali" },
    "no": { "name": "Norwegian" },
    "om": { "name": "Oromo" },
    "or": { "name": "Oriya" },
    "pa": { "name": "Panjabi, Punjabi" },
    "fa": { "name": "Persian" },
    "pl": { "name": "Polish" },
    "ps": { "name": "Pashto, Pushto" },
    "pt": { "name": "Portuguese" },
    "qu": { "name": "Quechua" },
    "ro": { "name": "Romanian, Moldavian, Moldovan" },
    "ru": { "name": "Russian" },
    "sa": { "name": "Sanskrit (Saṁskṛta)" },
    "sd": { "name": "Sindhi" },
    "sm": { "name": "Samoan" },
    "sr": { "name": "Serbian" },
    "gd": { "name": "Scottish Gaelic; Gaelic" },
    "sn": { "name": "Shona" },
    "si": { "name": "Sinhala, Sinhalese" },
    "sk": { "name": "Slovak" },
    "sl": { "name": "Slovene" },
    "so": { "name": "Somali" },
    "st": { "name": "Southern Sotho" },
    "es": { "name": "Spanish; Castilian" },
    "su": { "name": "Sundanese" },
    "sw": { "name": "Swahili" },
    "sv": { "name": "Swedish" },
    "ta": { "name": "Tamil" },
    "te": { "name": "Telugu" },
    "tg": { "name": "Tajik" },
    "th": { "name": "Thai" },
    "ti": { "name": "Tigrinya" },
    "tk": { "name": "Turkmen" },
    "tl": { "name": "Tagalog" },
    "tr": { "name": "Turkish" },
    "ts": { "name": "Tsonga" },
    "tt": { "name": "Tatar" },
    "ug": { "name": "Uighur, Uyghur" },
    "uk": { "name": "Ukrainian" },
    "ur": { "name": "Urdu" },
    "uz": { "name": "Uzbek" },
    "vi": { "name": "Vietnamese" },
    "cy": { "name": "Welsh" },
    "fy": { "name": "Western Frisian" },
    "xh": { "name": "Xhosa" },
    "yi": { "name": "Yiddish" },
    "yo": { "name": "Yoruba" }
}